jacobi;gauss;gauss_pivot
0.042699;0.02098;0.029955999999999997