jacobi;seidel;gauss;gauss_pivot
0.049002000000000004;0.041428;0.006952;0.011052