jacobi;gauss;gauss_pivot
0.1333333333333333;0.1333333333333333;0.1333333333333333