n;jacobi;seidel;gauss;gauss_pivot
1000;0.025736280541987552;0.025736280541987552;0.025736280541987552;0.025736280541987552