n;jacobi;seidel;gauss;gauss_pivot
1000;1666.753348;865.780336;10691.942915;10874.630213