n;jacobi;gauss;gauss_pivot
1000;0.025736280541987552;0.025715193897012073;0.025715193897012073