n;jacobi;gauss;gauss_pivot
1000;20.03484;1049.329961;1578.6093